Workbook

Sheet Monthly Returns
A1: Monthly Price Data, Returns & Fama-French Factors
A3: Date | B3: AAPL Price | C3: VFIAX NAV | D3: S&P 500 | E3: AAPL Return | F3: VFIAX Return | G3: S&P 500 Return | H3: RF (FF, %/mo) | I3: RF (DGS1MO, %/yr) | J3: AAPL Excess | K3: VFIAX Excess | L3: S&P 500 Excess | M3: Mkt-RF (FF) | N3: SMB (FF) | O3: HML (FF) | P3: Mom | Q3: AAPL CAPM Resid | R3: VFIAX CAPM Resid
A4: 44228 | B4: 117.93 | C4: 328.39 | D4: 3811.15 | H4: 0 | M4: 0.0281 | N4: 0.0202 | O4: 0.072 | P4: -0.079
A5: 44256 | B5: 118.97 | C5: 341.57 | D5: 3972.89 | E5: =B5/B4-1 | F5: =C5/C4-1 | G5: =D5/D4-1 | H5: 0 | I5: 0.0001875 | J5: =E5-H5 | K5: =F5-H5 | L5: =G5-H5 | M5: 0.0316 | N5: -0.0233 | O5: 0.0735 | P5: -0.0612 | Q5: -0.028960206 | R5: 0.0080753181
A6: 44287 | B6: 128.04 | C6: 361.05 | D6: 4181.17 | E6: =B6/B5-1 | F6: =C6/C5-1 | G6: =D6/D5-1 | H6: 0 | I6: 0.00016363636 | J6: =E6-H6 | K6: =F6-H6 | L6: =G6-H6 | M6: 0.0495 | N6: -0.0319 | O6: -0.0102 | P6: 0.0123 | Q6: 0.019349059 | R6: 0.007310301
A7: 44317 | B7: 121.37 | C7: 363.56 | D7: 4204.11 | E7: =B7/B6-1 | F7: =C7/C6-1 | G7: =D7/D6-1 | H7: 0 | I7: 7.5e-05 | J7: =E7-H7 | K7: =F7-H7 | L7: =G7-H7 | M7: 0.003 | N7: -0.002 | O7: 0.0704 | P7: 0.0056 | Q7: -0.059339356 | R7: 0.0031095245
A8: 44348 | B8: 133.63 | C8: 370.78 | D8: 4297.5 | E8: =B8/B7-1 | F8: =C8/C7-1 | G8: =D8/D7-1 | H8: 0 | I8: 0.00027272727 | J8: =E8-H8 | K8: =F8-H8 | L8: =G8-H8 | M8: 0.0274 | N8: 0.017 | O8: -0.0786 | P8: 0.0207 | Q8: 0.067718261 | R8: -0.0080568929
A9: 44378 | B9: 142.31 | C9: 380.86 | D9: 4395.26 | E9: =B9/B8-1 | F9: =C9/C8-1 | G9: =D9/D8-1 | H9: 0 | I9: 0.0004952381 | J9: =E9-H9 | K9: =F9-H9 | L9: =G9-H9 | M9: 0.0134 | N9: -0.0393 | O9: -0.0179 | P9: -0.0218 | Q9: 0.0466064 | R9: 0.013082615
A10: 44409 | B10: 148.13 | C10: 392.42 | D10: 4522.68 | E10: =B10/B9-1 | F10: =C10/C9-1 | G10: =D10/D9-1 | H10: 0 | I10: 0.00041363636 | J10: =E10-H10 | K10: =F10-H10 | L10: =G10-H10 | M10: 0.0294 | N10: -0.0032 | O10: -0.0023 | P10: 0.0263 | Q10: 0.0054663089 | R10: 0.00046304779
A11: 44440 | B11: 138.26 | C11: 372.94 | D11: 4307.54 | E11: =B11/B10-1 | F11: =C11/C10-1 | G11: =D11/D10-1 | H11: 0 | I11: 0.00053809524 | J11: =E11-H11 | K11: =F11-H11 | L11: =G11-H11 | M11: -0.044 | N11: 0.0066 | O11: 0.0512 | P11: 0.0139 | Q11: -0.023700746 | R11: -0.0071117525
A12: 44470 | B12: 146.37 | C12: 400.34 | D12: 4605.38 | E12: =B12/B11-1 | F12: =C12/C11-1 | G12: =D12/D11-1 | H12: 0 | I12: 0.00056 | J12: =E12-H12 | K12: =F12-H12 | L12: =G12-H12 | M12: 0.0663 | N12: -0.0226 | O12: -0.0053 | P12: 0.0332 | Q12: -0.01616636 | R12: 0.0071745001
A13: 44501 | B13: 161.52 | C13: 397.54 | D13: 4567 | E13: =B13/B12-1 | F13: =C13/C12-1 | G13: =D13/D12-1 | H13: 0 | I13: 0.000705 | J13: =E13-H13 | K13: =F13-H13 | L13: =G13-H13 | M13: -0.0158 | N13: -0.0131 | O13: -0.0037 | P13: 0.0096 | Q13: 0.11632903 | R13: 0.0077120677
A14: 44531 | B14: 173.76 | C14: 413.84 | D14: 4766.18 | E14: =B14/B13-1 | F14: =C14/C13-1 | G14: =D14/D13-1 | H14: 0.0001 | I14: 0.00038181818 | J14: =E14-H14 | K14: =F14-H14 | L14: =G14-H14 | M14: 0.0323 | N14: -0.0163 | O14: 0.0325 | P14: -0.0239 | Q14: 0.037153787 | R14: 0.0081516391
A15: 44562 | B15: 171.03 | C15: 393.82 | D15: 4515.55 | E15: =B15/B14-1 | F15: =C15/C14-1 | G15: =D15/D14-1 | H15: 0 | I15: 0.000475 | J15: =E15-H15 | K15: =F15-H15 | L15: =G15-H15 | M15: -0.0616 | N15: -0.0593 | O15: 0.1286 | P15: -0.0242 | Q15: 0.046007967 | R15: 0.011517349
A16: 44593 | B16: 161.58 | C16: 382.02 | D16: 4373.94 | E16: =B16/B15-1 | F16: =C16/C15-1 | G16: =D16/D15-1 | H16: 0 | I16: 0.00036842105 | J16: =E16-H16 | K16: =F16-H16 | L16: =G16-H16 | M16: -0.0228 | N16: 0.0216 | O16: 0.0306 | P16: 0.0166 | Q16: -0.034956206 | R16: -0.0083504318
... A63: 46023 | B63: 259.24 | C63: 640.98 | D63: 6939.03 | E63: =B63/B62-1 | F63: =C63/C62-1 | G63: =D63/D62-1 | H63: 0.003 | I63: 0.037345 | J63: =E63-H63 | K63: =F63-H63 | L63: =G63-H63 | M63: 0.0102 | N63: 0.0221 | O63: 0.037 | P63: 0.0495 | Q63: -0.063476065 | R63: 0.0033694175
A64: 46054 | B64: 263.93 | C64: 636.09 | D64: 6878.88 | E64: =B64/B63-1 | F64: =C64/C63-1 | G64: =D64/D63-1 | I64: 0.037205263 | J64: =E64-H64 | K64: =F64-H64 | L64: =G64-H64 | Q64: 0.014047819 | R64: -0.0085114904
A65: 46082 | B65: 260.81 | C65: 626.9 | D65: 6775.8 | E65: =B65/B64-1 | F65: =C65/C64-1 | G65: =D65/D64-1 | I65: 0.037485714 | J65: =E65-H65 | K65: =F65-H65 | L65: =G65-H65 | Q65: -0.015864842 | R65: -0.015330188

Sheet Descriptive Statistics
A1: Descriptive Statistics of Monthly Returns
A3: Statistic | B3: AAPL | C3: VFIAX | D3: S&P 500 | E3: AAPL Excess | F3: VFIAX Excess | G3: S&P 500 Excess
A4: Mean | B4: =AVERAGE('Monthly Returns'!E5:E65) | C4: =AVERAGE('Monthly Returns'!F5:F65) | D4: =AVERAGE('Monthly Returns'!G5:G65) | E4: =AVERAGE('Monthly Returns'!J5:J65) | F4: =AVERAGE('Monthly Returns'!K5:K65) | G4: =AVERAGE('Monthly Returns'!L5:L65)
A5: Median | B5: =MEDIAN('Monthly Returns'!E5:E65) | C5: =MEDIAN('Monthly Returns'!F5:F65) | D5: =MEDIAN('Monthly Returns'!G5:G65) | E5: =MEDIAN('Monthly Returns'!J5:J65) | F5: =MEDIAN('Monthly Returns'!K5:K65) | G5: =MEDIAN('Monthly Returns'!L5:L65)
A6: Std Dev | B6: =STDEV('Monthly Returns'!E5:E65) | C6: =STDEV('Monthly Returns'!F5:F65) | D6: =STDEV('Monthly Returns'!G5:G65) | E6: =STDEV('Monthly Returns'!J5:J65) | F6: =STDEV('Monthly Returns'!K5:K65) | G6: =STDEV('Monthly Returns'!L5:L65)
A7: Variance | B7: =VAR('Monthly Returns'!E5:E65) | C7: =VAR('Monthly Returns'!F5:F65) | D7: =VAR('Monthly Returns'!G5:G65) | E7: =VAR('Monthly Returns'!J5:J65) | F7: =VAR('Monthly Returns'!K5:K65) | G7: =VAR('Monthly Returns'!L5:L65)
A8: Min | B8: =MIN('Monthly Returns'!E5:E65) | C8: =MIN('Monthly Returns'!F5:F65) | D8: =MIN('Monthly Returns'!G5:G65) | E8: =MIN('Monthly Returns'!J5:J65) | F8: =MIN('Monthly Returns'!K5:K65) | G8: =MIN('Monthly Returns'!L5:L65)
A9: Max | B9: =MAX('Monthly Returns'!E5:E65) | C9: =MAX('Monthly Returns'!F5:F65) | D9: =MAX('Monthly Returns'!G5:G65) | E9: =MAX('Monthly Returns'!J5:J65) | F9: =MAX('Monthly Returns'!K5:K65) | G9: =MAX('Monthly Returns'!L5:L65)
A10: Skewness | B10: =SKEW('Monthly Returns'!E5:E65) | C10: =SKEW('Monthly Returns'!F5:F65) | D10: =SKEW('Monthly Returns'!G5:G65) | E10: =SKEW('Monthly Returns'!J5:J65) | F10: =SKEW('Monthly Returns'!K5:K65) | G10: =SKEW('Monthly Returns'!L5:L65)
A11: Kurtosis | B11: =KURT('Monthly Returns'!E5:E65) | C11: =KURT('Monthly Returns'!F5:F65) | D11: =KURT('Monthly Returns'!G5:G65) | E11: =KURT('Monthly Returns'!J5:J65) | F11: =KURT('Monthly Returns'!K5:K65) | G11: =KURT('Monthly Returns'!L5:L65)
A12: Count | B12: =COUNT('Monthly Returns'!E5:E65) | C12: =COUNT('Monthly Returns'!F5:F65) | D12: =COUNT('Monthly Returns'!G5:G65) | E12: =COUNT('Monthly Returns'!J5:J65) | F12: =COUNT('Monthly Returns'!K5:K65) | G12: =COUNT('Monthly Returns'!L5:L65)
A14: Annualized Statistics
A15: Statistic | B15: AAPL | C15: VFIAX | D15: S&P 500
A16: Annualized Return | B16: =(1+B4)^12-1 | C16: =(1+C4)^12-1 | D16: =(1+D4)^12-1
A17: Annualized Std Dev | B17: =B6*SQRT(12) | C17: =C6*SQRT(12) | D17: =D6*SQRT(12)
A18: Sharpe Ratio | B18: =((1+E4)^12-1)/(B6*SQRT(12)) | C18: =((1+F4)^12-1)/(C6*SQRT(12)) | D18: =((1+G4)^12-1)/(D6*SQRT(12))
A21: Correlation Matrix
B22: AAPL | C22: VFIAX | D22: S&P 500
A23: AAPL | B23: =CORREL('Monthly Returns'!E5:E65,'Monthly Returns'!E5:E65) | C23: =CORREL('Monthly Returns'!E5:E65,'Monthly Returns'!F5:F65) | D23: =CORREL('Monthly Returns'!E5:E65,'Monthly Returns'!G5:G65)
A24: VFIAX | B24: =CORREL('Monthly Returns'!F5:F65,'Monthly Returns'!E5:E65) | C24: =CORREL('Monthly Returns'!F5:F65,'Monthly Returns'!F5:F65) | D24: =CORREL('Monthly Returns'!F5:F65,'Monthly Returns'!G5:G65)
A25: S&P 500 | B25: =CORREL('Monthly Returns'!G5:G65,'Monthly Returns'!E5:E65) | C25: =CORREL('Monthly Returns'!G5:G65,'Monthly Returns'!F5:F65) | D25: =CORREL('Monthly Returns'!G5:G65,'Monthly Returns'!G5:G65)

Sheet CAPM Regression
A1: Market Model (CAPM) Regression
A2: R_i - R_f = α + β(R_m - R_f) + ε
A4: AAPL Market Model
A5: Statistic | B5: Value
A6: Alpha (α) | B6: 0.0040435254
A7: Beta (β) | B7: 1.0675782
A8: R-squared | B8: 0.45310081
A9: Std Error (α) | B9: 0.0067556637
A10: Std Error (β) | B10: 0.1526968
A11: t-stat (α) | B11: 0.59853858
A12: t-stat (β) | B12: 6.9914907
A13: F-statistic | B13: 48.880942
A14: Observations | B14: 61
A15: Std Dev of Residuals | B15: 0.051406915
A16: Appraisal Ratio | B16: 0.078657228
A17: VFIAX Market Model
A18: Statistic | B18: Value
A19: Alpha (α) | B19: 0.00088254717
A20: Beta (β) | B20: 0.98662468
A21: R-squared | B21: 0.98138838
A22: Std Error (α) | B22: 0.00078259257
A23: Std Error (β) | B23: 0.017688769
A24: t-stat (α) | B24: 1.1277224
A25: t-stat (β) | B25: 55.776898
A26: F-statistic | B26: 3111.0623
A27: Observations | B27: 61
A28: Std Dev of Residuals | B28: 0.0059551024
A29: Appraisal Ratio | B29: 0.14820017

Sheet FF4 Regression
A1: Fama-French 3-Factor + Momentum (Carhart 4-Factor) Regression
A2: R_i - R_f = α + β₁(Mkt-RF) + β₂(SMB) + β₃(HML) + β₄(Mom) + ε
A4: AAPL Fama-French 4-Factor
A5: Statistic | B5: Value
A6: Alpha (α) | B6: 0.0072004336
A7: β (Mkt-RF) | B7: 0.94854679
A8: β (SMB) | B8: -0.17669794
A9: β (HML) | B9: -0.34058626
A10: β (Mom) | B10: -0.45501735
A11: R-squared | B11: 0.53185904
A12: SE (α) | B12: 0.0067597675
A13: SE (Mkt-RF) | B13: 0.15567794
A14: SE (SMB) | B14: 0.24913371
A15: SE (HML) | B15: 0.15706669
A16: SE (Mom) | B16: 0.19257139
A17: t-stat (α) | B17: 1.0651895
... A23: Observations | B23: 61
A26: VFIAX Fama-French 4-Factor
A27: Statistic | B27: Value
A28: Alpha (α) | B28: -0.00034225827
A29: β (Mkt-RF) | B29: 1.0133485
A30: β (SMB) | B30: -0.1501017
A31: β (HML) | B31: 0.03000246
A32: β (Mom) | B32: -0.015079427
A33: R-squared | B33: 0.98996907
A34: SE (α) | B34: 0.00062136008
A35: SE (Mkt-RF) | B35: 0.014309968
A36: SE (SMB) | B36: 0.022900453
A37: SE (HML) | B37: 0.014437622
A38: SE (Mom) | B38: 0.017701226
A39: t-stat (α) | B39: -0.55082114
... A45: Observations | B45: 61
